{"cameraMode":{"drawMode":0,"name":"Shaded","section":"Shading Mode"},"sceneLighting":false,"audioPlay":false,"sceneViewState":{"m_AlwaysRefresh":false,"showFog":true,"showSkybox":false,"showFlares":true,"showImageEffects":true,"showParticleSystems":true,"showVisualEffectGraphs":true,"m_FxEnabled":true},"in2DMode":false,"pivot":{"x":21.11190414428711,"y":20.68098258972168,"z":-157.7176971435547},"rotation":{"x":0.020313072949647905,"y":0.5531944036483765,"z":-0.013353260233998299,"w":0.8328449130058289},"size":1.4660253524780274,"orthographic":false}