{"cameraMode":{"drawMode":0,"name":"Shaded","section":"Shading Mode"},"sceneLighting":true,"audioPlay":false,"sceneViewState":{"m_AlwaysRefresh":false,"showFog":true,"showSkybox":true,"showFlares":true,"showImageEffects":true,"showParticleSystems":true,"showVisualEffectGraphs":true,"m_FxEnabled":true},"in2DMode":false,"pivot":{"x":-7.937208652496338,"y":1.7815297842025757,"z":0.1570892333984375},"rotation":{"x":0.04526803642511368,"y":0.03876413032412529,"z":-0.0016918630572035909,"w":0.9983625411987305},"size":6.907323360443115,"orthographic":false}