{"cameraMode":{"drawMode":0,"name":"Shaded","section":"Shading Mode"},"sceneLighting":true,"audioPlay":false,"sceneViewState":{"m_AlwaysRefresh":false,"showFog":true,"showSkybox":true,"showFlares":true,"showImageEffects":true,"showParticleSystems":true,"showVisualEffectGraphs":true,"m_FxEnabled":true},"in2DMode":false,"pivot":{"x":1.6617908477783204,"y":0.09999406337738037,"z":-0.9599999189376831},"rotation":{"x":0.040180809795856479,"y":-0.0068960548378527168,"z":-0.0002783414674922824,"w":-0.9992074966430664},"size":2.666025400161743,"orthographic":false}