{"cameraMode":{"drawMode":0,"name":"Shaded","section":"Shading Mode"},"sceneLighting":false,"audioPlay":false,"sceneViewState":{"m_AlwaysRefresh":false,"showFog":true,"showSkybox":false,"showFlares":true,"showImageEffects":true,"showParticleSystems":true,"showVisualEffectGraphs":true,"m_FxEnabled":true},"in2DMode":false,"pivot":{"x":10.253422737121582,"y":20.013620376586915,"z":-155.76507568359376},"rotation":{"x":0.14293228089809419,"y":0.6254625916481018,"z":-0.11785601824522019,"w":0.7581099271774292},"size":1.837117314338684,"orthographic":false}